name,age,email,gender
Anonymous,0,anonymous,anonymous
Say Follos,87,sfollos0@cafepress.com,Male
Darrelle Strephan,42,dstrephan1@noaa.gov,Polygender
Coleen Favell,35,cfavell2@delicious.com,Female
Douglas Tooher,75,dtooher3@google.cn,Male
Armstrong Edyson,29,aedyson4@vk.com,Male
Jamaal Duell,42,jduell5@photobucket.com,Male
Pete Elliott,14,pelliott6@usatoday.com,Male
Helena Cumbes,53,hcumbes7@weibo.com,Female
Barnabe Stairmond,71,bstairmond8@aol.com,Male
Cathryn Vaan,16,cvaan9@goo.gl,Female
Phip Duling,49,pdulinga@npr.org,Male
Annabel Pennini,87,apenninib@shareasale.com,Female
Lynde Grisewood,62,lgrisewoodc@instagram.com,Female
Wendall Grayer,65,wgrayerd@tinypic.com,Male
Dorice Macek,71,dmaceke@businesswire.com,Female
Kelwin Torbet,89,ktorbetf@arizona.edu,Male
Gerri Barltrop,20,gbarltropg@friendfeed.com,Female
Gage Ashfield,82,gashfieldh@wsj.com,Male
Juieta Sheppey,85,jsheppeyi@zimbio.com,Female
Sophronia Bothie,44,sbothiej@salon.com,Female
Ignacio Onslow,27,ionslowk@mit.edu,Male
Dynah Siggery,50,dsiggeryl@howstuffworks.com,Female
Vicki Eccleston,35,vecclestonm@amazonaws.com,Female
Dominic Hunnam,32,dhunnamn@1und1.de,Male
Cherye Dower,33,cdowero@ed.gov,Female
Lee Follen,89,lfollenp@google.it,Female
Richy Densun,21,rdensunq@tuttocitta.it,Male
Stacia Wolfarth,23,swolfarthr@yale.edu,Female
Park Lanfer,76,planfers@thetimes.co.uk,Male
Corbett Hauger,34,chaugert@chron.com,Male
Noam Elloy,67,nelloyu@163.com,Male
Seth Keats,79,skeatsv@businesswire.com,Male
Matthias Swannick,67,mswannickw@howstuffworks.com,Male
Mendel Bunny,14,mbunnyx@wufoo.com,Genderfluid
Frans Dugan,76,fdugany@telegraph.co.uk,Male
Corney Abreheart,43,cabreheartz@t-online.de,Male
Katey Baulk,78,kbaulk10@squidoo.com,Female
Kim Chaters,68,kchaters11@bizjournals.com,Male
Shalom Streather,34,sstreather12@constantcontact.com,Male
Meredith Prophet,35,mprophet13@51.la,Bigender
Fredericka Westrip,25,fwestrip14@mayoclinic.com,Female
Staffard Karlsson,11,skarlsson15@devhub.com,Male
Clerkclaude Howatt,78,chowatt16@huffingtonpost.com,Male
Joela Hightown,49,jhightown17@yellowbook.com,Female
Tyrus Lissandre,17,tlissandre18@nps.gov,Male
Kean Greenalf,77,kgreenalf19@comcast.net,Polygender
Augustin Bozworth,29,abozworth1a@marriott.com,Male
Christos Moody,78,cmoody1b@printfriendly.com,Male
Cobb Casewell,77,ccasewell1c@photobucket.com,Male
Dilan Sigsworth,32,dsigsworth1d@shutterfly.com,Male
Marcelo Duxbury,62,mduxbury1e@google.ru,Male
Normand Houlton,89,nhoulton1f@mapquest.com,Male
Oona Totman,90,ototman1g@pinterest.com,Female
Tris Normanville,63,tnormanville1h@cnbc.com,Genderfluid
Dene Torbet,46,dtorbet1i@nydailynews.com,Male
Esteban Cassar,21,ecassar1j@spiegel.de,Male
Kare Dudmarsh,75,kdudmarsh1k@typepad.com,Female
Umberto Campo,84,ucampo1l@cloudflare.com,Male
Seumas Wilbore,90,swilbore1m@auda.org.au,Male
Siusan Cuseick,73,scuseick1n@tiny.cc,Female
Reese Scotsbrook,52,rscotsbrook1o@photobucket.com,Male
Dougy Fillis,73,dfillis1p@is.gd,Male
Irina Evershed,86,ievershed1q@cornell.edu,Female
Mattie Boykett,24,mboykett1r@moonfruit.com,Female
Sutton Rizzi,72,srizzi1s@google.com,Male
Oriana Lafuente,26,olafuente1t@yandex.ru,Female
Elisha Cappell,66,ecappell1u@myspace.com,Non-binary
Jessica Dibbs,14,jdibbs1v@virginia.edu,Female
Pacorro Hanham,84,phanham1w@yale.edu,Male
Dex Banasevich,89,dbanasevich1x@youtube.com,Male
Randolph Forker,27,rforker1y@facebook.com,Male
Glynn Panks,80,gpanks1z@storify.com,Male
Tracie Danilchik,88,tdanilchik20@odnoklassniki.ru,Male
Cecelia Lunnon,56,clunnon21@webmd.com,Agender
Jo ann Strangward,22,jann22@booking.com,Female
Scarlet Goadsby,80,sgoadsby23@geocities.com,Female
Hilda Corr,76,hcorr24@drupal.org,Female
Wendel Rooze,39,wrooze25@engadget.com,Male
Samuel Jorissen,60,sjorissen26@yale.edu,Male
Skell Kettles,10,skettles27@hao123.com,Genderqueer
Freddy O'Grady,42,fogrady28@ox.ac.uk,Male
Hervey Turri,78,hturri29@hibu.com,Male
Winthrop Sprouls,46,wsprouls2a@patch.com,Male
Lissie Spadari,53,lspadari2b@zdnet.com,Female
Glenda Taft,60,gtaft2c@usnews.com,Female
Germana Guyonnet,30,gguyonnet2d@unesco.org,Female
Tymon Pineaux,19,tpineaux2e@xinhuanet.com,Male
Ramsey Clink,22,rclink2f@bizjournals.com,Non-binary
Sacha Jarrard,50,sjarrard2g@pinterest.com,Non-binary
Jase Gunbie,85,jgunbie2h@multiply.com,Male
Carleton Glasscock,22,cglasscock2i@admin.ch,Male
Pernell Ewbank,22,pewbank2j@mlb.com,Male
Freedman Embra,56,fembra2k@diigo.com,Male
Addie McKeurtan,66,amckeurtan2l@google.pl,Male
Kleon Polak,34,kpolak2m@intel.com,Male
Emery Simpson,31,esimpson2n@patch.com,Male
David Dudney,89,ddudney2o@networkadvertising.org,Male
Cortie Toth,55,ctoth2p@prweb.com,Male
Fredi Toomey,30,ftoomey2q@flavors.me,Female
Dodi Westrey,88,dwestrey2r@example.com,Female
